{
  "name": "EspMQTTClient",
  "description": "A library that provides a wifi and MQTT connection to an ESP8266/ESP32",
  "keywords": [
    "mqtt",
    "wifi",
    "iot"
  ],
  "authors": [
    {
      "name": "Patrick Lapointe",
      "maintainer": true
    }
  ],
  "repository": {
    "type": "git",
    "url": "https://github.com/plapointe6/EspMQTTClient.git"
  },
  "version": "1.13.3",
  "frameworks": "arduino",
  "platforms": ["espressif8266", "espressif32"],
  "dependencies": [
    {
      "owner": "knolleary",
      "name": "PubSubClient",
      "version": "^2.8.0",
      "platforms": ["espressif8266", "espressif32"]
    }
  ]
}
